Geocode,Geographic Area Name,Total:,Margin of Error for!!Total:,With cash rent:,Margin of Error for!!With cash rent:,With cash rent:!!Less than \$100,Margin of Error for!!With cash rent:!!Less than \$100,With cash rent:!!\$100 to \$149,Margin of Error for!!With cash rent:!!\$100 to \$149,With cash rent:!!\$150 to \$199,Margin of Error for!!With cash rent:!!\$150 to \$199,With cash rent:!!\$200 to \$249,Margin of Error for!!With cash rent:!!\$200 to \$249,With cash rent:!!\$250 to \$299,Margin of Error for!!With cash rent:!!\$250 to \$299,With cash rent:!!\$300 to \$349,Margin of Error for!!With cash rent:!!\$300 to \$349,With cash rent:!!\$350 to \$399,Margin of Error for!!With cash rent:!!\$350 to \$399,With cash rent:!!\$400 to \$449,Margin of Error for!!With cash rent:!!\$400 to \$449,With cash rent:!!\$450 to \$499,Margin of Error for!!With cash rent:!!\$450 to \$499,With cash rent:!!\$500 to \$549,Margin of Error for!!With cash rent:!!\$500 to \$549,With cash rent:!!\$550 to \$599,Margin of Error for!!With cash rent:!!\$550 to \$599,With cash rent:!!\$600 to \$649,Margin of Error for!!With cash rent:!!\$600 to \$649,With cash rent:!!\$650 to \$699,Margin of Error for!!With cash rent:!!\$650 to \$699,With cash rent:!!\$700 to \$749,Margin of Error for!!With cash rent:!!\$700 to \$749,With cash rent:!!\$750 to \$799,Margin of Error for!!With cash rent:!!\$750 to \$799,With cash rent:!!\$800 to \$899,Margin of Error for!!With cash rent:!!\$800 to \$899,With cash rent:!!\$900 to \$999,Margin of Error for!!With cash rent:!!\$900 to \$999,"With cash rent:!!\$1,000 to \$1,249","Margin of Error for!!With cash rent:!!\$1,000 to \$1,249","With cash rent:!!\$1,250 to \$1,499","Margin of Error for!!With cash rent:!!\$1,250 to \$1,499","With cash rent:!!\$1,500 to \$1,999","Margin of Error for!!With cash rent:!!\$1,500 to \$1,999","With cash rent:!!\$2,000 to \$2,499","Margin of Error for!!With cash rent:!!\$2,000 to \$2,499","With cash rent:!!\$2,500 to \$2,999","Margin of Error for!!With cash rent:!!\$2,500 to \$2,999","With cash rent:!!\$3,000 to \$3,499","Margin of Error for!!With cash rent:!!\$3,000 to \$3,499","With cash rent:!!\$3,500 or more","Margin of Error for!!With cash rent:!!\$3,500 or more",No cash rent,Margin of Error for!!No cash rent,Geographic Area Name,Total:,Margin of Error for!!Total:,With cash rent:,Margin of Error for!!With cash rent:,With cash rent:!!Less than \$100,Margin of Error for!!With cash rent:!!Less than \$100,With cash rent:!!\$100 to \$149,Margin of Error for!!With cash rent:!!\$100 to \$149,With cash rent:!!\$150 to \$199,Margin of Error for!!With cash rent:!!\$150 to \$199,With cash rent:!!\$200 to \$249,Margin of Error for!!With cash rent:!!\$200 to \$249,With cash rent:!!\$250 to \$299,Margin of Error for!!With cash rent:!!\$250 to \$299,With cash rent:!!\$300 to \$349,Margin of Error for!!With cash rent:!!\$300 to \$349,With cash rent:!!\$350 to \$399,Margin of Error for!!With cash rent:!!\$350 to \$399,With cash rent:!!\$400 to \$449,Margin of Error for!!With cash rent:!!\$400 to \$449,With cash rent:!!\$450 to \$499,Margin of Error for!!With cash rent:!!\$450 to \$499,With cash rent:!!\$500 to \$549,Margin of Error for!!With cash rent:!!\$500 to \$549,With cash rent:!!\$550 to \$599,Margin of Error for!!With cash rent:!!\$550 to \$599,With cash rent:!!\$600 to \$649,Margin of Error for!!With cash rent:!!\$600 to \$649,With cash rent:!!\$650 to \$699,Margin of Error for!!With cash rent:!!\$650 to \$699,With cash rent:!!\$700 to \$749,Margin of Error for!!With cash rent:!!\$700 to \$749,With cash rent:!!\$750 to \$799,Margin of Error for!!With cash rent:!!\$750 to \$799,With cash rent:!!\$800 to \$899,Margin of Error for!!With cash rent:!!\$800 to \$899,With cash rent:!!\$900 to \$999,Margin of Error for!!With cash rent:!!\$900 to \$999,"With cash rent:!!\$1,000 to \$1,249","Margin of Error for!!With cash rent:!!\$1,000 to \$1,249","With cash rent:!!\$1,250 to \$1,499","Margin of Error for!!With cash rent:!!\$1,250 to \$1,499","With cash rent:!!\$1,500 to \$1,999","Margin of Error for!!With cash rent:!!\$1,500 to \$1,999","With cash rent:!!\$2,000 to \$2,499","Margin of Error for!!With cash rent:!!\$2,000 to \$2,499","With cash rent:!!\$2,500 to \$2,999","Margin of Error for!!With cash rent:!!\$2,500 to \$2,999","With cash rent:!!\$3,000 to \$3,499","Margin of Error for!!With cash rent:!!\$3,000 to \$3,499","With cash rent:!!\$3,500 or more","Margin of Error for!!With cash rent:!!\$3,500 or more",No cash rent,Margin of Error for!!No cash rent,Geographic Area Name,Median gross rent as a percentage of household income,Margin Of Error For!!Median gross rent as a percentage of household income,Geographic Area Name,Lower value quartile (dollars),Margin Of Error For!!Lower value quartile (dollars),Geographic Area Name,Median value (dollars),Margin Of Error For!!Median value (dollars),Geographic Area Name,Upper value quartile (dollars),Margin Of Error For!!Upper value quartile (dollars),Geographic Area Name,Median selected monthly owner costs (dollars) --!!Total:,Margin Of Error For!!Median selected monthly owner costs (dollars) --!!Total:,Median selected monthly owner costs (dollars) --!!Housing units with a mortgage (dollars),Margin Of Error For!!Median selected monthly owner costs (dollars) --!!Housing units with a mortgage (dollars),Median selected monthly owner costs (dollars) --!!Housing units without a mortgage (dollars),Margin Of Error For!!Median selected monthly owner costs (dollars) --!!Housing units without a mortgage (dollars),Geographic Area Name,Aggregate real estate taxes paid (dollars):,Margin Of Error For!!Aggregate real estate taxes paid (dollars):,Aggregate real estate taxes paid (dollars):!!Aggregate real estate taxes paid for units with a mortgage (dollars),Margin Of Error For!!Aggregate real estate taxes paid (dollars):!!Aggregate real estate taxes paid for units with a mortgage (dollars),Aggregate real estate taxes paid (dollars):!!Aggregate real estate taxes paid for units without a mortgage (dollars),Margin Of Error For!!Aggregate real estate taxes paid (dollars):!!Aggregate real estate taxes paid for units without a mortgage (dollars),Geographic Area Name,Median real estate taxes paid --!!Total:,Margin Of Error For!!Median real estate taxes paid --!!Total:,Median real estate taxes paid --!!Total:!!Median real estate taxes paid for units with a mortgage,Margin Of Error For!!Median real estate taxes paid --!!Total:!!Median real estate taxes paid for units with a mortgage,Median real estate taxes paid --!!Total:!!Median real estate taxes paid for units without a mortgage,Margin Of Error For!!Median real estate taxes paid --!!Total:!!Median real estate taxes paid for units without a mortgage,Geographic Area Name,Median monthly housing costs,Margin Of Error For!!Median monthly housing costs,Geographic Area Name,Median household income in the past 12 months (in 2015 Inflation-adjusted dollars) --!!Total:,Margin of Error for!!Median household income in the past 12 months (in 2015 Inflation-adjusted dollars) --!!Total:,Median household income in the past 12 months (in 2015 Inflation-adjusted dollars) --!!Owner occupied (dollars),Margin of Error for!!Median household income in the past 12 months (in 2015 Inflation-adjusted dollars) --!!Owner occupied (dollars),Median household income in the past 12 months (in 2015 Inflation-adjusted dollars) --!!Renter occupied (dollars),Margin of Error for!!Median household income in the past 12 months (in 2015 Inflation-adjusted dollars) --!!Renter occupied (dollars)
6001,Alameda,264263,2490,257027,2423,1778,272,954,216,1312,224,4208,439,3494,455,2014,278,1983,307,2492,305,1840,303,2728,321,1823,282,4133,381,3377,400,5526,574,4968,486,15429,987,16944,916,49815,1404,41599,1247,54855,1371,23541,1036,7458,620,2985,315,1771,329,7236,482,Alameda,264263,2490,257027,2423,540,137,619,162,899,189,2537,394,4460,524,1901,278,1712,251,2555,363,2120,329,2071,280,2433,322,2381,280,3384,326,3664,422,4428,502,12684,856,14852,792,44848,1375,43725,1227,59764,1768,28710,1240,10230,573,4081,407,2429,365,7236,482,Alameda,31.2,0.3,Alameda,356500.0,2935.0,Alameda,543100.0,3465.0,Alameda,760700.0,5889.0,Alameda,2112.0,16.0,2542.0,20.0,553.0,7.0,Alameda,1531302400.0,15988891.0,1257478000.0,15171460.0,273824400.0,8047761.0,Alameda,4540.0,34.0,4998.0,48.0,2934.0,64.0,Alameda,1614.0,11.0,Alameda,75619.0,613.0,108100.0,1139.0,49305.0,853.0
6003,Alpine,76,33,63,28,1,2,0,12,1,3,0,12,0,12,2,3,0,12,5,8,3,5,0,12,0,12,9,9,10,14,0,12,5,6,4,6,0,12,3,5,10,9,0,12,6,8,4,7,0,12,0,12,13,11,Alpine,76,33,63,28,0,12,0,12,0,12,0,12,0,12,1,2,0,12,0,12,0,12,2,3,1,2,8,7,2,4,10,14,7,7,0,12,4,6,8,8,1,3,9,7,0,12,10,10,0,12,0,12,13,11,Alpine,37.3,12.3,Alpine,214100.0,47538.0,Alpine,295000.0,31787.0,Alpine,448100.0,92594.0,Alpine,1077.0,297.0,2117.0,308.0,446.0,117.0,Alpine,694400.0,177497.0,423400.0,134901.0,271000.0,126661.0,Alpine,2214.0,526.0,2743.0,542.0,1733.0,279.0,Alpine,1033.0,232.0,Alpine,52917.0,13603.0,59167.0,5963.0,41250.0,34548.0
6005,Amador,3348,382,3046,350,24,33,32,55,11,18,56,49,57,35,11,19,48,65,78,72,12,17,121,71,24,24,86,64,140,77,172,63,152,73,537,172,296,105,915,211,179,93,73,58,22,24,0,25,0,25,0,25,302,137,Amador,3348,382,3046,350,24,33,0,25,0,25,11,18,59,51,77,61,41,63,0,25,46,69,13,17,66,50,25,26,117,65,65,41,71,59,258,85,500,160,797,193,491,151,259,124,126,75,0,25,0,25,0,25,302,137,Amador,36.4,4.4,Amador,159300.0,9241.0,Amador,251000.0,12060.0,Amador,363300.0,12408.0,Amador,1071.0,98.0,1746.0,95.0,459.0,18.0,Amador,23029600.0,1404693.0,15111000.0,1169299.0,7918600.0,999049.0,Amador,2023.0,139.0,2263.0,156.0,1575.0,170.0,Amador,1059.0,52.0,Amador,54171.0,4208.0,63705.0,3417.0,30438.0,7528.0
6007,Butte,35287,1079,33463,1027,177,67,179,102,211,90,431,145,392,123,418,131,568,160,670,183,748,156,2005,373,1588,281,2634,360,2260,357,2632,334,1902,361,4686,578,3063,380,4827,448,2170,340,1334,274,368,145,78,53,85,84,37,35,1824,316,Butte,35287,1079,33463,1027,0,28,111,92,151,75,252,92,356,106,400,122,286,92,268,105,561,155,940,256,1285,250,1643,278,1967,314,2247,366,1966,373,4103,472,3783,484,5939,489,3635,429,2783,440,541,161,97,58,112,93,37,35,1824,316,Butte,36.7,1.3,Butte,129500.0,5092.0,Butte,221700.0,4189.0,Butte,330500.0,6742.0,Butte,1013.0,30.0,1486.0,29.0,404.0,12.0,Butte,96937700.0,2894845.0,69156900.0,2763127.0,27780800.0,1597659.0,Butte,1675.0,42.0,1905.0,62.0,1272.0,52.0,Butte,942.0,14.0,Butte,43444.0,1068.0,58230.0,1767.0,29203.0,1259.0
6009,Calaveras,3794,449,3390,419,35,40,35,41,56,37,74,53,7,11,64,53,0,25,184,84,47,63,104,70,109,74,43,40,164,83,331,120,329,178,278,129,370,144,490,159,333,113,237,126,62,64,7,11,0,25,31,28,404,146,Calaveras,3794,449,3390,419,16,27,19,30,7,12,23,26,72,49,14,21,25,26,13,20,67,52,67,48,120,77,149,88,141,95,98,66,146,85,374,173,273,117,465,145,701,199,400,162,110,84,59,56,0,25,31,28,404,146,Calaveras,31.8,2.7,Calaveras,152900.0,7948.0,Calaveras,243800.0,10640.0,Calaveras,363800.0,14722.0,Calaveras,1230.0,77.0,1706.0,58.0,489.0,26.0,Calaveras,34444300.0,2333054.0,23819400.0,2243334.0,10624900.0,1269109.0,Calaveras,2145.0,74.0,2214.0,85.0,1975.0,170.0,Calaveras,1182.0,64.0,Calaveras,53233.0,3774.0,59333.0,4925.0,35517.0,5265.0
6011,Colusa,2635,240,2397,237,40,44,14,22,72,51,20,28,53,63,57,52,54,36,108,54,64,36,174,78,66,46,196,64,227,104,206,70,119,66,217,81,214,88,291,107,100,64,74,45,31,32,0,22,0,22,0,22,238,91,Colusa,2635,240,2397,237,0,22,40,44,14,22,39,45,79,74,44,41,8,12,63,39,17,21,58,46,102,60,120,63,137,60,148,71,174,90,224,76,252,84,489,130,186,96,142,71,61,46,0,22,0,22,0,22,238,91,Colusa,28.4,1.6,Colusa,113600.0,5383.0,Colusa,196000.0,14713.0,Colusa,311000.0,18206.0,Colusa,1049.0,60.0,1438.0,69.0,387.0,23.0,Colusa,7199800.0,729795.0,4945000.0,606669.0,2254800.0,332965.0,Colusa,1418.0,79.0,1619.0,144.0,1129.0,146.0,Colusa,944.0,54.0,Colusa,52168.0,2583.0,62573.0,2651.0,34941.0,6692.0
6013,Contra Costa,135978,2113,131936,2138,765,200,431,147,1143,268,2062,386,1296,313,871,208,705,159,1247,283,552,201,1356,333,793,201,1412,273,1090,241,2313,382,2194,315,7596,558,8962,578,25673,1160,21213,1160,31281,1449,11894,832,3893,444,1923,292,1271,254,4042,432,Contra Costa,135978,2113,131936,2138,281,118,294,139,337,117,1292,281,1626,343,1484,351,735,173,1215,275,733,179,723,203,824,206,1178,292,1164,224,1174,250,1932,321,4988,571,8025,617,22773,1106,21549,1150,32588,1551,16057,939,6383,609,2778,392,1803,299,4042,432,Contra Costa,32.5,0.4,Contra Costa,268100.0,3324.0,Contra Costa,439900.0,4413.0,Contra Costa,733500.0,5388.0,Contra Costa,2013.0,18.0,2461.0,18.0,579.0,9.0,Contra Costa,1197264200.0,15281425.0,987093700.0,15310480.0,210170500.0,7566563.0,Contra Costa,4010.0,47.0,4459.0,52.0,2756.0,71.0,Contra Costa,1700.0,12.0,Contra Costa,80185.0,827.0,102834.0,1183.0,50150.0,1024.0
6015,Del Norte,3716,372,3495,372,3,7,27,29,86,63,113,56,45,34,142,82,156,99,217,92,93,58,170,77,174,93,358,130,405,162,203,83,180,74,306,94,280,104,319,123,57,49,61,63,22,28,78,70,0,22,0,22,221,95,Del Norte,3716,372,3495,372,0,22,10,16,12,22,102,68,66,55,20,27,71,53,117,78,188,105,173,92,92,76,122,70,144,78,474,154,120,58,432,153,259,103,542,151,272,111,173,89,22,27,84,71,0,22,0,22,221,95,Del Norte,31.2,3.5,Del Norte,85500.0,15251.0,Del Norte,183700.0,12929.0,Del Norte,282900.0,16311.0,Del Norte,758.0,127.0,1380.0,100.0,373.0,32.0,Del Norte,9081200.0,923112.0,6080200.0,785019.0,3001000.0,509165.0,Del Norte,1423.0,121.0,1651.0,135.0,921.0,184.0,Del Norte,788.0,76.0,Del Norte,40847.0,4369.0,50349.0,4171.0,27010.0,4101.0
6017,El Dorado,17225,890,15777,859,46,36,87,77,79,52,107,56,88,81,140,76,285,138,139,85,81,62,562,171,297,128,906,250,825,211,780,189,1316,275,2069,312,1470,283,2205,311,1440,258,1708,280,739,226,237,121,127,101,44,34,1448,273,El Dorado,17225,890,15777,859,0,28,39,35,25,24,111,75,133,85,41,40,108,84,170,85,199,127,202,106,300,133,301,141,556,168,783,200,703,209,1786,318,1856,314,2689,359,1778,323,2080,296,1284,265,365,169,163,81,105,99,1448,273,El Dorado,31.7,1.9,El Dorado,246800.0,7309.0,El Dorado,363000.0,5560.0,El Dorado,503600.0,13262.0,El Dorado,1672.0,42.0,2165.0,38.0,574.0,16.0,El Dorado,171876100.0,4530571.0,134743400.0,4672701.0,37132600.0,2224970.0,El Dorado,2963.0,66.0,3232.0,94.0,2338.0,114.0,El Dorado,1446.0,38.0,El Dorado,69584.0,1835.0,83395.0,3322.0,37914.0,2719.0
6019,Fresno,139831,1784,133768,1742,2035,301,1326,253,1093,262,2260,294,1689,253,2308,376,2066,316,3485,367,4065,447,7657,557,6646,579,10648,768,10711,668,10591,766,9156,747,16460,813,10122,739,18203,965,7825,618,3768,443,1041,239,302,102,84,56,227,99,6063,460,Fresno,139831,1784,133768,1742,744,172,542,161,710,179,1291,282,2099,314,1536,236,1724,302,2419,368,2261,322,3735,393,4759,447,6342,557,7516,624,8165,592,8476,579,16883,1019,13927,857,23836,1171,13215,731,10259,707,2431,332,513,147,158,100,227,99,6063,460,Fresno,34.7,0.6,Fresno,125500.0,2234.0,Fresno,194600.0,2414.0,Fresno,291800.0,3005.0,Fresno,1202.0,15.0,1516.0,16.0,416.0,9.0,Fresno,327027000.0,5942651.0,254086000.0,5100867.0,72941000.0,2876867.0,Fresno,1749.0,24.0,1894.0,29.0,1339.0,41.0,Fresno,992.0,9.0,Fresno,45233.0,692.0,66082.0,911.0,29044.0,657.0
6021,Glenn,3642,356,3389,365,41,35,5,9,21,28,131,70,127,62,259,133,24,22,277,123,251,135,193,86,292,122,402,142,133,97,236,91,193,95,345,163,87,49,287,140,25,23,50,40,0,22,0,22,10,11,0,22,253,74,Glenn,3642,356,3389,365,18,29,5,7,9,10,42,34,116,84,126,80,140,85,111,72,137,70,271,136,116,70,279,118,196,106,254,125,287,124,316,107,280,105,446,172,147,87,61,42,3,4,19,28,7,10,3,5,253,74,Glenn,30.1,3.6,Glenn,124700.0,11005.0,Glenn,204400.0,16273.0,Glenn,312300.0,26376.0,Glenn,984.0,99.0,1371.0,75.0,390.0,27.0,Glenn,10864400.0,745960.0,7307800.0,763219.0,3556600.0,603822.0,Glenn,1578.0,92.0,1686.0,128.0,1367.0,167.0,Glenn,795.0,36.0,Glenn,39349.0,4204.0,51723.0,3710.0,26307.0,2585.0
6023,Humboldt,23908,760,22475,746,40,34,141,57,130,63,412,149,311,126,480,143,436,149,638,176,513,143,1003,219,1045,228,1801,290,1741,342,1629,285,1233,234,2793,450,1684,270,2784,327,2021,318,1277,218,249,115,41,51,18,19,55,67,1433,241,Humboldt,23908,760,22475,746,22,22,31,32,69,47,147,67,396,152,224,100,307,135,416,132,468,149,782,243,808,182,1152,254,1179,225,1373,254,1375,304,2694,376,2305,348,3490,430,2284,328,2275,304,459,148,146,108,0,28,73,69,1433,241,Humboldt,36.5,1.6,Humboldt,202300.0,3935.0,Humboldt,279300.0,4539.0,Humboldt,384900.0,5809.0,Humboldt,1023.0,51.0,1590.0,42.0,383.0,13.0,Humboldt,59355100.0,1942148.0,40713100.0,1791487.0,18642000.0,1193600.0,Humboldt,1802.0,60.0,2087.0,87.0,1363.0,65.0,Humboldt,929.0,22.0,Humboldt,42197.0,1183.0,55795.0,1843.0,28006.0,1472.0
6025,Imperial,20675,720,19459,741,265,104,258,128,330,108,853,205,477,167,619,198,712,167,1238,264,1015,226,1533,272,1298,241,1746,290,1433,298,1201,215,1037,265,1548,324,825,219,2076,297,826,216,159,79,10,15,0,28,0,28,0,28,1216,205,Imperial,20675,720,19459,741,42,49,68,47,187,119,344,114,607,202,407,131,544,169,771,226,812,166,789,217,931,250,1248,249,1061,242,1465,297,1396,278,2237,318,1361,294,2587,400,1374,261,1056,259,172,103,0,28,0,28,0,28,1216,205,Imperial,34.0,1.4,Imperial,100400.0,3095.0,Imperial,151600.0,3755.0,Imperial,211100.0,6033.0,Imperial,1085.0,37.0,1397.0,33.0,376.0,16.0,Imperial,40482900.0,1622798.0,31855700.0,1732686.0,8627200.0,910522.0,Imperial,1383.0,40.0,1554.0,68.0,892.0,61.0,Imperial,874.0,19.0,Imperial,41079.0,1556.0,59757.0,3317.0,24874.0,1348.0
6027,Inyo,2847,251,2438,229,46,32,25,17,21,24,50,42,27,27,68,64,54,41,113,63,182,123,124,56,225,102,99,66,124,62,160,73,117,62,426,146,126,51,263,91,99,52,63,43,19,18,0,19,0,19,7,12,409,111,Inyo,2847,251,2438,229,22,23,0,19,19,24,31,31,14,17,60,62,20,16,53,39,62,47,108,76,154,94,87,79,163,75,103,55,143,75,408,128,207,94,374,108,156,66,218,94,29,23,0,19,0,19,7,12,409,111,Inyo,29.6,2.3,Inyo,64400.0,20003.0,Inyo,240100.0,22050.0,Inyo,371300.0,18114.0,Inyo,819.0,86.0,1733.0,93.0,465.0,25.0,Inyo,8499200.0,629646.0,5496300.0,539270.0,3002900.0,456212.0,Inyo,1610.0,158.0,2174.0,218.0,955.0,205.0,Inyo,837.0,39.0,Inyo,45955.0,2280.0,60914.0,4531.0,33412.0,4669.0
6029,Kern,112575,2161,107307,2111,824,215,390,137,863,253,1208,232,1045,213,1807,316,2310,343,3885,413,3686,471,6920,543,6127,591,9262,813,8693,742,7997,640,6219,658,11886,789,7646,686,14655,981,6224,618,4376,526,873,200,211,116,163,88,37,28,5268,483,Kern,112575,2161,107307,2111,313,142,182,101,324,130,675,202,1158,250,1165,248,1330,246,1895,307,2289,291,4132,449,4338,456,5085,512,6627,667,6893,785,6750,713,11965,955,10302,708,18885,1099,10589,706,9283,820,2407,373,450,188,199,100,71,46,5268,483,Kern,32.7,0.7,Kern,103900.0,1502.0,Kern,167400.0,1619.0,Kern,251800.0,3300.0,Kern,1132.0,16.0,1435.0,16.0,392.0,7.0,Kern,313357600.0,6236219.0,246434200.0,5722867.0,66923500.0,2857617.0,Kern,1802.0,24.0,1970.0,31.0,1335.0,35.0,Kern,988.0,10.0,Kern,49026.0,865.0,66168.0,1030.0,31697.0,717.0
6031,Kings,20191,787,19061,764,294,115,150,110,300,120,409,137,203,111,435,169,193,80,716,167,801,216,1207,274,1071,292,1440,239,1330,266,1453,244,1111,264,1970,337,1196,251,2792,330,949,208,863,225,170,130,8,19,0,28,0,28,1130,189,Kings,20191,787,19061,764,113,75,80,65,90,70,122,55,366,118,360,140,272,163,343,128,333,114,676,204,675,164,767,202,1055,244,1402,300,1107,215,2179,353,1775,271,3352,397,1917,290,1738,286,277,143,62,60,0,28,0,28,1130,189,Kings,30.7,1.3,Kings,109800.0,3777.0,Kings,169500.0,3251.0,Kings,237000.0,5445.0,Kings,1143.0,36.0,1423.0,31.0,368.0,13.0,Kings,36753900.0,1805056.0,28931600.0,1817195.0,7822300.0,806398.0,Kings,1412.0,44.0,1562.0,74.0,964.0,59.0,Kings,978.0,22.0,Kings,46481.0,1200.0,64842.0,3061.0,34220.0,1770.0
6033,Lake,9979,624,9366,592,120,73,86,81,151,115,178,82,207,105,189,92,307,126,452,150,245,134,885,231,431,146,759,199,533,160,386,140,683,228,1181,277,294,118,1367,248,699,244,176,96,12,18,0,28,25,38,0,28,613,147,Lake,9979,624,9366,592,42,41,33,37,21,22,178,124,206,110,150,95,95,51,189,130,264,139,330,131,362,134,573,193,612,226,268,119,431,178,1024,235,874,257,1496,281,1253,250,792,197,148,99,0,28,25,38,0,28,613,147,Lake,38.6,2.8,Lake,85800.0,5750.0,Lake,164300.0,7349.0,Lake,279400.0,13885.0,Lake,857.0,66.0,1489.0,54.0,401.0,22.0,Lake,28912800.0,1445543.0,18537800.0,1319035.0,10375000.0,1052509.0,Lake,1527.0,90.0,1782.0,84.0,1083.0,117.0,Lake,877.0,29.0,Lake,35578.0,2034.0,45370.0,3512.0,25256.0,1746.0
6035,Lassen,3392,368,3164,364,89,52,56,48,114,50,43,39,42,51,117,59,70,42,190,93,167,81,195,85,131,56,243,108,208,93,197,81,158,80,401,134,184,90,272,122,134,76,53,39,28,27,19,24,39,36,14,21,228,101,Lassen,3392,368,3164,364,0,25,29,41,45,43,62,38,94,54,62,57,23,18,81,64,89,66,90,74,136,75,119,63,192,88,149,71,194,97,265,108,260,96,729,184,303,114,136,86,34,29,19,24,39,36,14,21,228,101,Lassen,30.7,3.6,Lassen,104400.0,10032.0,Lassen,172900.0,7331.0,Lassen,267900.0,15791.0,Lassen,964.0,69.0,1480.0,68.0,379.0,29.0,Lassen,10234500.0,794866.0,7036000.0,620350.0,3198500.0,610679.0,Lassen,1414.0,74.0,1657.0,107.0,1050.0,118.0,Lassen,926.0,47.0,Lassen,51555.0,2789.0,64165.0,3244.0,33012.0,5269.0
6037,Los Angeles,1763190,7102,1718717,7381,7680,649,4283,439,7605,538,24099,1128,15077,747,11506,696,10408,717,16395,742,10772,624,26738,1124,18204,716,35183,1104,36091,1326,56078,1434,55723,1580,155686,2411,165058,2313,365444,3800,247652,3704,270846,3684,107639,2208,39594,1504,18984,997,11972,915,44473,1462,Los Angeles,1763190,7102,1718717,7381,3472,389,2642,344,3791,429,13480,770,20490,956,11797,728,9569,733,13658,694,11320,713,16070,747,18158,807,22312,1076,29805,1073,37857,1372,45581,1508,118832,2161,151469,2300,355608,3839,285649,3268,318852,3753,134205,2638,52320,1586,24761,1171,17019,1094,44473,1462,Los Angeles,35.2,0.2,Los Angeles,305100.0,956.0,Los Angeles,441900.0,1285.0,Los Angeles,685900.0,2018.0,Los Angeles,1864.0,7.0,2279.0,8.0,518.0,4.0,Los Angeles,6388134800.0,43732178.0,5170014300.0,39819107.0,1218120500.0,20139096.0,Los Angeles,3456.0,14.0,3788.0,17.0,2296.0,27.0,Los Angeles,1409.0,3.0,Los Angeles,56196.0,270.0,84390.0,424.0,39546.0,283.0
6039,Madera,16884,713,15250,718,159,104,204,90,128,76,327,114,77,51,402,170,153,98,394,141,452,190,866,209,760,162,1207,256,855,229,1074,251,831,177,2593,416,1256,325,2454,472,643,187,173,108,95,71,111,102,18,24,18,29,1634,268,Madera,16884,713,15250,718,39,56,119,85,39,40,233,113,205,91,141,80,292,141,277,143,314,125,457,145,423,129,737,183,696,149,683,160,843,183,1640,299,1843,328,3315,501,1672,351,926,211,189,95,120,100,18,24,29,34,1634,268,Madera,33.1,1.9,Madera,122300.0,4399.0,Madera,189700.0,6730.0,Madera,288300.0,6502.0,Madera,1105.0,36.0,1450.0,33.0,414.0,20.0,Madera,48147100.0,2070995.0,33603700.0,1857194.0,14543400.0,1349737.0,Madera,1610.0,50.0,1653.0,60.0,1501.0,104.0,Madera,1003.0,28.0,Madera,45073.0,1837.0,57139.0,1931.0,30135.0,1799.0
6041,Marin,38941,882,37469,885,114,54,254,175,317,125,491,143,411,160,352,153,134,79,181,118,211,89,388,148,98,57,297,101,216,84,362,131,299,126,742,151,1254,233,4556,494,6286,550,10191,755,4834,468,3101,400,1670,259,710,155,1472,359,Marin,38941,882,37469,885,46,46,149,101,185,145,345,120,426,148,354,144,248,114,314,150,141,85,259,116,213,76,158,77,216,106,349,111,224,82,660,157,1139,244,3892,470,5591,502,10739,730,5127,478,3617,376,1770,262,1307,227,1472,359,Marin,32.2,0.9,Marin,553600.0,10261.0,Marin,815100.0,12264.0,Marin,1165200.0,18255.0,Marin,2548.0,63.0,3273.0,52.0,728.0,24.0,Marin,481577400.0,11373413.0,380016700.0,9902242.0,101560700.0,5273684.0,Marin,6349.0,128.0,7078.0,149.0,3994.0,199.0,Marin,2000.0,37.0,Marin,93257.0,2610.0,124230.0,3718.0,56472.0,2518.0
6043,Mariposa,2121,273,1857,236,130,88,27,33,15,18,39,37,21,36,33,38,162,82,155,85,16,21,117,85,82,73,212,78,78,60,100,77,65,43,321,96,27,22,222,94,8,13,27,29,0,19,0,19,0,19,0,19,264,113,Mariposa,2121,273,1857,236,130,88,17,28,25,24,30,34,30,39,0,19,36,36,99,73,107,74,71,50,65,56,46,50,126,77,50,49,78,58,149,84,108,75,371,124,222,91,97,52,0,19,0,19,0,19,0,19,264,113,Mariposa,28.0,2.8,Mariposa,153700.0,9465.0,Mariposa,235900.0,14940.0,Mariposa,347900.0,27947.0,Mariposa,906.0,111.0,1583.0,129.0,381.0,29.0,Mariposa,10482600.0,1074265.0,6817200.0,968105.0,3665400.0,498384.0,Mariposa,1726.0,91.0,1817.0,97.0,1505.0,202.0,Mariposa,864.0,72.0,Mariposa,47681.0,4294.0,59950.0,6638.0,35674.0,3532.0
6045,Mendocino,14338,676,13041,651,161,80,184,100,253,118,401,130,391,160,511,161,226,108,254,97,326,158,629,209,473,162,535,170,556,220,436,163,620,227,1534,263,934,182,2335,324,1274,264,695,164,183,105,79,76,46,34,5,8,1297,257,Mendocino,14338,676,13041,651,2,5,96,69,122,82,191,82,367,154,327,128,184,80,466,177,318,134,346,139,398,131,363,153,451,173,495,186,316,149,1261,265,1352,302,2205,350,1671,277,1592,305,341,127,96,75,47,50,34,30,1297,257,Mendocino,36.6,2.1,Mendocino,184300.0,17175.0,Mendocino,308400.0,10347.0,Mendocino,459100.0,14107.0,Mendocino,1006.0,65.0,1750.0,63.0,454.0,20.0,Mendocino,46704600.0,2065894.0,30264400.0,1846295.0,16440200.0,1224816.0,Mendocino,2175.0,98.0,2559.0,93.0,1544.0,129.0,Mendocino,975.0,28.0,Mendocino,42980.0,1757.0,58334.0,2520.0,26668.0,2082.0
6047,Merced,37568,901,34998,938,342,141,314,121,217,86,483,149,547,157,614,179,790,216,1393,222,1673,270,2504,334,2074,287,2731,360,1976,313,2901,363,1799,277,4735,501,3532,388,4485,501,1114,258,633,230,92,69,9,14,40,33,0,28,2570,324,Merced,37568,901,34998,938,15,23,81,54,276,162,368,117,356,133,464,134,594,207,637,157,1065,257,1393,283,1531,294,1939,279,1910,301,2011,347,2072,295,3826,421,3794,472,7263,520,3257,458,1782,342,315,169,9,14,40,33,0,28,2570,324,Merced,33.6,1.1,Merced,106000.0,2892.0,Merced,161200.0,2605.0,Merced,254900.0,8026.0,Merced,1084.0,30.0,1355.0,25.0,380.0,11.0,Merced,73087400.0,2833745.0,56659800.0,2751104.0,16427600.0,1269309.0,Merced,1448.0,32.0,1602.0,56.0,1078.0,59.0,Merced,951.0,15.0,Merced,42462.0,1214.0,60891.0,1464.0,30104.0,1090.0
6049,Modoc,978,158,854,145,12,20,36,22,2,3,55,60,63,52,52,38,77,54,120,62,61,47,77,47,73,47,97,69,0,17,16,21,0,17,61,53,0,17,12,17,18,27,22,32,0,17,0,17,0,17,0,17,124,64,Modoc,978,158,854,145,0,17,15,20,5,7,20,18,10,13,0,17,96,81,49,40,49,38,108,67,36,24,36,31,56,51,41,45,98,57,88,58,34,28,56,53,35,28,0,17,22,32,0,17,0,17,0,17,124,64,Modoc,39.3,9.0,Modoc,81500.0,9873.0,Modoc,153100.0,15558.0,Modoc,229300.0,24708.0,Modoc,609.0,61.0,975.0,61.0,338.0,35.0,Modoc,4202200.0,658184.0,2172500.0,368890.0,2029800.0,589540.0,Modoc,1128.0,101.0,1283.0,181.0,1010.0,170.0,Modoc,618.0,51.0,Modoc,37860.0,4210.0,43406.0,4218.0,23409.0,6458.0
6051,Mono,1987,390,1607,378,0,19,17,29,40,55,0,19,24,31,0,19,31,40,83,108,12,22,101,89,33,37,63,56,58,71,78,71,116,92,123,95,82,74,424,187,109,88,81,73,132,125,0,19,0,19,0,19,380,203,Mono,1987,390,1607,378,0,19,17,29,0,19,0,19,14,22,0,19,17,22,73,79,74,91,45,59,12,22,74,96,33,56,69,75,65,71,148,101,59,42,378,160,273,144,81,57,157,124,18,30,0,19,0,19,380,203,Mono,23.6,3.7,Mono,180600.0,30875.0,Mono,313000.0,55723.0,Mono,548700.0,84308.0,Mono,1221.0,206.0,1987.0,212.0,526.0,59.0,Mono,7529400.0,1241785.0,4928800.0,1139055.0,2600600.0,610005.0,Mono,2276.0,351.0,2372.0,607.0,2205.0,350.0,Mono,1136.0,102.0,Mono,56944.0,10734.0,66235.0,7576.0,51275.0,5485.0
6053,Monterey,63655,1136,61787,1108,238,109,196,94,191,99,544,154,324,106,443,123,539,167,573,139,411,152,898,147,457,132,1388,278,1125,210,1567,262,2113,288,5852,427,5797,506,14050,745,8782,626,10226,600,3590,370,1389,212,784,133,310,139,1868,290,Monterey,63655,1136,61787,1108,139,73,87,57,63,65,250,96,542,146,354,126,453,141,465,108,565,154,499,134,491,149,729,157,1102,253,1216,263,1671,253,3949,406,5703,490,13366,803,10214,609,11478,703,5053,474,1742,256,1204,210,452,156,1868,290,Monterey,33.3,0.6,Monterey,235200.0,5329.0,Monterey,369100.0,6340.0,Monterey,641800.0,12185.0,Monterey,1592.0,35.0,2097.0,34.0,490.0,14.0,Monterey,213515400.0,5620150.0,160749300.0,5181294.0,52766100.0,3358882.0,Monterey,2825.0,62.0,3127.0,71.0,1824.0,101.0,Monterey,1350.0,17.0,Monterey,58783.0,1121.0,79661.0,1708.0,44944.0,1305.0
6055,Napa,19816,723,18696,705,53,44,34,41,29,27,216,88,141,57,208,103,164,77,122,67,143,76,268,113,163,77,290,118,172,100,414,171,355,143,1233,252,1221,218,3527,459,3174,356,4177,423,1654,279,620,148,251,95,67,55,1120,210,Napa,19816,723,18696,705,8,11,34,39,0,28,63,46,175,77,203,94,160,83,143,76,102,51,212,99,151,83,291,129,124,73,272,130,318,124,760,165,1190,248,3450,397,2733,353,4706,431,2274,314,827,172,318,96,182,100,1120,210,Napa,32.4,1.1,Napa,305200.0,6899.0,Napa,466800.0,8023.0,Napa,719700.0,13263.0,Napa,1776.0,53.0,2323.0,39.0,567.0,23.0,Napa,123560700.0,4051971.0,96562800.0,3651188.0,26997900.0,2229260.0,Napa,3606.0,102.0,4074.0,111.0,2227.0,166.0,Napa,1568.0,32.0,Napa,71379.0,2063.0,90265.0,3070.0,50390.0,2166.0
6057,Nevada,11310,722,10532,682,34,39,30,44,96,95,222,107,210,97,38,33,72,71,169,98,77,69,315,130,120,75,368,115,303,140,552,189,356,142,1294,290,806,216,2350,452,1427,342,1186,255,356,148,65,79,71,72,15,24,778,202,Nevada,11310,722,10532,682,20,31,23,27,0,28,109,83,145,92,73,60,86,73,274,173,107,86,189,119,146,95,138,78,218,80,423,157,445,167,642,203,1100,249,1474,332,2105,419,1875,313,679,160,104,81,142,107,15,24,778,202,Nevada,35.3,2.5,Nevada,239600.0,7811.0,Nevada,347000.0,6403.0,Nevada,486400.0,10100.0,Nevada,1435.0,58.0,2002.0,55.0,537.0,22.0,Nevada,91614800.0,3662879.0,66778900.0,3491015.0,24835800.0,1797236.0,Nevada,2882.0,86.0,3105.0,134.0,2404.0,140.0,Nevada,1328.0,39.0,Nevada,56521.0,2539.0,67019.0,2866.0,36673.0,4653.0
6059,Orange,427202,3579,416502,3489,870,245,648,171,1746,278,3700,379,2278,348,1910,323,1963,309,2347,313,1322,251,2330,313,1194,265,2170,307,2364,412,2578,302,2898,378,12736,761,20544,964,74828,2071,85143,1972,112811,2727,49287,1595,19250,954,6939,671,4646,532,10700,869,Orange,427202,3579,416502,3489,441,166,416,159,478,135,2333,331,3299,420,1999,388,1649,278,2311,333,1812,321,1758,346,1393,308,1519,214,2214,377,2169,282,2616,346,8371,673,16351,765,60689,1736,84769,1875,121805,2760,56498,1615,25367,1249,9860,791,6385,622,10700,869,Orange,33.9,0.3,Orange,377700.0,2409.0,Orange,553600.0,2521.0,Orange,754000.0,4826.0,Orange,2072.0,12.0,2539.0,11.0,549.0,6.0,Orange,2721405200.0,24290217.0,2196309000.0,22517603.0,525096200.0,13163734.0,Orange,3911.0,27.0,4369.0,34.0,2424.0,47.0,Orange,1735.0,8.0,Orange,76509.0,426.0,101041.0,528.0,51820.0,468.0
6061,Placer,40490,1146,38918,1123,112,79,115,69,179,75,280,103,177,62,264,82,176,89,298,113,203,103,609,155,368,120,886,182,690,173,1434,249,1698,302,3859,382,3503,350,7736,542,6274,535,7206,642,1758,272,553,169,286,103,254,104,1572,241,Placer,40490,1146,38918,1123,43,42,118,69,18,26,224,81,261,90,165,75,188,56,201,103,174,78,221,84,298,94,533,133,681,172,842,182,844,212,2784,296,3242,381,7218,570,6613,503,9260,735,3202,363,940,221,406,175,442,136,1572,241,Placer,32.3,0.8,Placer,257600.0,3041.0,Placer,358500.0,2874.0,Placer,488900.0,4938.0,Placer,1760.0,29.0,2154.0,25.0,568.0,14.0,Placer,362915400.0,6167061.0,284499200.0,6049865.0,78416200.0,3942491.0,Placer,3518.0,53.0,3717.0,57.0,2967.0,116.0,Placer,1561.0,19.0,Placer,73948.0,1220.0,89252.0,2031.0,45569.0,1737.0
6063,Plumas,2275,213,2157,206,67,52,32,25,95,63,24,24,51,37,61,43,23,22,160,92,100,61,183,92,45,41,227,113,247,116,115,57,103,64,236,95,88,61,195,82,43,35,62,46,0,19,0,19,0,19,0,19,118,70,Plumas,2275,213,2157,206,0,19,7,12,58,42,67,54,23,27,21,23,65,60,56,34,80,60,87,64,44,35,45,37,52,45,186,98,163,91,348,142,134,54,398,141,168,74,128,67,27,35,0,19,0,19,0,19,118,70,Plumas,30.1,6.5,Plumas,139800.0,10334.0,Plumas,217200.0,12147.0,Plumas,351700.0,27747.0,Plumas,989.0,109.0,1520.0,95.0,412.0,36.0,Plumas,11336300.0,893734.0,8023000.0,900584.0,3313300.0,549250.0,Plumas,1508.0,111.0,1682.0,116.0,1251.0,128.0,Plumas,898.0,54.0,Plumas,47333.0,3575.0,53327.0,4360.0,24912.0,7688.0
6065,Riverside,246093,2832,236727,2846,1132,270,711,177,1841,298,2863,361,1716,278,2345,353,1952,262,3630,421,2972,342,5803,570,4525,502,7752,577,8329,687,10915,727,8805,707,25816,1093,22214,1012,45875,1432,32725,1317,30661,1269,10311,748,2669,438,696,248,469,150,9366,782,Riverside,246093,2832,236727,2846,374,178,366,144,528,156,1912,323,2158,244,1957,259,1701,282,1995,308,2266,307,3108,371,3863,406,5014,509,5107,499,7487,670,7822,578,17761,931,20874,977,47637,1512,35934,1414,44458,1792,15792,872,6054,620,1612,377,947,243,9366,782,Riverside,35.3,0.5,Riverside,158200.0,1320.0,Riverside,253200.0,2114.0,Riverside,372200.0,2005.0,Riverside,1480.0,14.0,1821.0,12.0,494.0,6.0,Riverside,1398510200.0,12925626.0,1112571200.0,13019395.0,285939000.0,7230305.0,Riverside,2668.0,21.0,2899.0,26.0,1832.0,44.0,Riverside,1334.0,9.0,Riverside,56603.0,478.0,69745.0,673.0,37670.0,662.0
6067,Sacramento,232990,2262,226158,2203,1330,245,1458,273,2003,270,2207,292,1705,282,1267,217,1485,249,2394,322,2111,315,5165,429,6180,510,10417,759,12462,760,15370,899,16273,920,28770,1230,21961,837,41982,1449,29020,1151,17766,1074,3373,462,642,163,511,170,306,149,6832,561,Sacramento,232990,2262,226158,2203,286,96,688,204,1056,249,2087,311,2306,355,1290,236,1501,274,1763,260,1735,239,2876,333,3653,363,5880,528,9020,616,9672,577,12117,758,26295,982,24390,969,44328,1328,33180,1245,32209,1500,7570,667,1253,251,574,157,429,170,6832,561,Sacramento,33.2,0.5,Sacramento,165000.0,1150.0,Sacramento,248400.0,1761.0,Sacramento,367400.0,2067.0,Sacramento,1454.0,12.0,1739.0,11.0,458.0,6.0,Sacramento,745804500.0,8703553.0,607028300.0,7877818.0,138776200.0,4992096.0,Sacramento,2298.0,18.0,2502.0,21.0,1559.0,50.0,Sacramento,1206.0,7.0,Sacramento,55987.0,594.0,76961.0,740.0,36012.0,615.0
6069,San Benito,6420,369,6122,360,29,42,6,10,0,28,82,65,64,62,75,88,69,84,72,56,65,53,114,55,82,62,205,80,128,72,349,162,99,70,343,113,394,151,1097,191,1174,212,1262,229,327,126,48,31,23,24,15,25,298,93,San Benito,6420,369,6122,360,0,28,29,42,0,28,48,59,29,25,53,60,15,16,127,99,17,23,53,51,105,99,84,61,192,96,129,66,275,142,275,96,400,124,892,207,824,145,1702,260,676,222,150,85,23,20,24,30,298,93,San Benito,31.6,2.2,San Benito,267300.0,10808.0,San Benito,380200.0,11861.0,San Benito,531700.0,25938.0,San Benito,1926.0,83.0,2223.0,45.0,514.0,40.0,San Benito,37572900.0,1847219.0,31386700.0,1827285.0,6186100.0,757371.0,San Benito,3294.0,120.0,3541.0,132.0,1973.0,245.0,San Benito,1640.0,43.0,San Benito,71077.0,2019.0,87330.0,5107.0,49286.0,7600.0
6071,San Bernardino,247811,3209,239073,3146,1333,317,914,225,1445,238,2218,291,1509,301,2697,378,2168,340,3879,476,2955,427,5541,573,5645,527,9670,741,9143,737,11951,795,12285,801,26635,1219,26106,1174,51270,1791,27230,1408,26056,1328,6322,676,1552,298,307,137,242,118,8738,663,San Bernardino,247811,3209,239073,3146,391,164,436,206,869,188,1383,218,2062,303,1370,271,1787,287,1916,303,3060,434,2957,453,3764,456,5794,609,6615,547,7125,627,9704,709,20610,1064,24972,1099,53363,1672,37932,1615,36869,1496,11789,891,3195,495,698,180,412,155,8738,663,San Bernardino,35.7,0.5,San Bernardino,141800.0,2213.0,San Bernardino,236700.0,1946.0,San Bernardino,362200.0,2194.0,San Bernardino,1396.0,12.0,1698.0,11.0,417.0,6.0,San Bernardino,918677000.0,13483727.0,767365400.0,12946249.0,151311700.0,4824870.0,San Bernardino,2085.0,29.0,2365.0,31.0,1296.0,31.0,San Bernardino,1233.0,6.0,San Bernardino,53433.0,571.0,68804.0,813.0,35811.0,565.0
6073,San Diego,515078,4081,501285,4068,1305,232,1152,242,1484,294,4993,462,3344,374,2629,316,2737,385,3431,446,2729,388,4717,477,4058,516,5658,552,5640,498,10481,689,12834,870,36778,1358,40597,1388,104445,2418,78648,2197,106532,2245,44772,1828,12733,856,5788,634,3800,465,13793,892,San Diego,515078,4081,501285,4068,630,172,881,239,979,214,2548,351,4723,431,2351,328,2952,505,2695,443,2606,362,3010,334,3557,410,5071,557,5321,549,6869,531,10358,783,29870,1332,36965,1344,98484,2059,81968,1968,109845,2130,57207,1994,18998,1047,7352,525,6045,657,13793,892,San Diego,33.6,0.3,San Diego,301200.0,1497.0,San Diego,429600.0,2036.0,San Diego,646700.0,2668.0,San Diego,1891.0,11.0,2325.0,12.0,518.0,5.0,San Diego,2295767200.0,22144845.0,1872995500.0,20550465.0,422771700.0,11275382.0,San Diego,3315.0,24.0,3677.0,28.0,2050.0,56.0,San Diego,1534.0,6.0,San Diego,64309.0,514.0,88158.0,799.0,45488.0,496.0
6075,San Francisco,224589,2055,218885,2002,1516,295,1202,310,1099,227,3998,445,5449,548,2649,398,2370,362,4036,440,2307,383,4426,495,2969,478,3924,409,2945,402,3816,399,2939,434,8938,750,8051,592,24012,961,23016,1097,43150,1191,28921,1177,17687,964,11387,745,8078,661,5704,548,San Francisco,224589,2055,218885,2002,996,255,1141,306,635,171,2943,366,6282,652,2500,391,2084,383,3561,423,3015,449,3392,432,2753,362,3152,452,3314,462,3496,443,3217,404,8042,704,7223,590,23207,1050,23480,1095,42929,1216,30257,1296,19293,1067,12550,781,9423,645,5704,548,San Francisco,27.5,0.3,San Francisco,578400.0,5457.0,San Francisco,799600.0,7668.0,San Francisco,1103100.0,12131.0,San Francisco,2392.0,41.0,3167.0,43.0,566.0,13.0,San Francisco,811219200.0,16103541.0,646387600.0,14100861.0,164831600.0,7928598.0,San Francisco,5434.0,103.0,6489.0,95.0,2964.0,138.0,San Francisco,1740.0,16.0,San Francisco,81294.0,1099.0,116309.0,2171.0,62532.0,1362.0
6077,San Joaquin,94986,1600,90360,1520,501,124,336,139,295,89,958,151,756,154,1048,216,933,208,1653,264,1810,264,3741,362,3531,417,5070,520,5268,400,5797,492,5590,540,12283,752,6853,566,15601,837,9011,686,7408,607,1448,299,244,94,166,93,59,38,4626,494,San Joaquin,94986,1600,90360,1520,138,62,98,64,259,95,396,114,748,161,623,175,904,180,973,202,1473,223,1550,264,2509,347,2808,350,3863,454,3987,469,4619,425,9038,637,9557,727,16896,862,12088,775,13045,845,3797,495,710,173,207,102,74,43,4626,494,San Joaquin,34.5,0.7,San Joaquin,142800.0,2802.0,San Joaquin,223000.0,2709.0,San Joaquin,336200.0,5193.0,San Joaquin,1416.0,20.0,1735.0,19.0,435.0,9.0,San Joaquin,317446800.0,5855450.0,252426500.0,5550494.0,65020200.0,3715463.0,San Joaquin,2215.0,39.0,2467.0,40.0,1480.0,59.0,San Joaquin,1190.0,11.0,San Joaquin,53274.0,946.0,72047.0,1360.0,34866.0,1075.0
6079,San Luis Obispo,43862,1261,41683,1215,41,37,38,32,184,112,380,139,522,160,278,132,116,71,538,199,268,134,820,220,436,164,943,252,885,281,1221,233,1201,252,3918,523,4049,487,9156,674,5927,521,7543,625,2389,335,359,147,172,107,299,142,2179,388,San Luis Obispo,43862,1261,41683,1215,0,28,32,38,27,22,323,159,435,143,348,127,320,134,231,121,233,139,579,191,337,139,495,163,987,272,922,284,1248,266,2389,313,3628,453,8843,644,6741,672,8380,639,3816,450,654,170,371,127,344,147,2179,388,San Luis Obispo,34.3,1.0,San Luis Obispo,304500.0,4535.0,San Luis Obispo,445700.0,6177.0,San Luis Obispo,661300.0,7881.0,San Luis Obispo,1573.0,44.0,2146.0,35.0,506.0,16.0,San Luis Obispo,213464200.0,6355018.0,154935100.0,5328627.0,58529100.0,3811583.0,San Luis Obispo,3294.0,63.0,3522.0,65.0,2707.0,139.0,San Luis Obispo,1360.0,22.0,San Luis Obispo,60691.0,1137.0,81221.0,1572.0,40440.0,1215.0
6081,San Mateo,106289,1589,103250,1544,328,141,178,103,263,126,646,172,249,90,397,126,366,164,490,153,349,153,705,203,385,133,641,186,564,186,867,223,844,199,2425,377,2577,356,14260,794,16370,901,29573,1206,16099,875,8639,551,3831,352,2204,304,3039,353,San Mateo,106289,1589,103250,1544,112,57,61,64,417,202,473,158,386,136,282,92,250,121,526,190,483,159,357,126,423,168,441,148,699,229,462,130,764,201,2489,384,2069,303,10763,777,16934,858,29079,1061,17967,904,9575,601,4834,429,3404,397,3039,353,San Mateo,30.6,0.5,San Mateo,555200.0,4406.0,San Mateo,776300.0,8789.0,San Mateo,1145700.0,10178.0,San Mateo,2467.0,31.0,3090.0,31.0,624.0,11.0,San Mateo,992924900.0,13167250.0,799116800.0,11997190.0,193808100.0,6837336.0,San Mateo,5421.0,72.0,6170.0,72.0,3043.0,108.0,San Mateo,1990.0,21.0,San Mateo,93623.0,1412.0,121213.0,1872.0,65076.0,1277.0
6083,Santa Barbara,68630,1243,66389,1214,372,154,360,118,348,124,746,205,342,97,486,135,357,119,547,133,663,226,885,168,1047,214,1482,292,1393,232,1329,268,1549,301,4526,392,3788,432,11795,794,10471,703,13517,897,5821,440,2388,340,1140,206,1037,217,2241,285,Santa Barbara,68630,1243,66389,1214,82,52,226,105,189,113,603,153,583,160,414,107,310,126,541,147,498,191,571,144,747,203,1078,221,785,222,1031,222,1307,247,3707,399,4612,473,11151,701,10007,672,15651,892,6583,565,3080,384,1350,259,1283,253,2241,285,Santa Barbara,33.7,0.7,Santa Barbara,257600.0,5476.0,Santa Barbara,465300.0,14976.0,Santa Barbara,854900.0,13977.0,Santa Barbara,1669.0,32.0,2231.0,38.0,536.0,17.0,Santa Barbara,313172700.0,6370432.0,230640300.0,5865754.0,82532500.0,5508162.0,Santa Barbara,3235.0,66.0,3585.0,74.0,2236.0,165.0,Santa Barbara,1479.0,19.0,Santa Barbara,63985.0,1293.0,88196.0,2054.0,44412.0,1245.0
6085,Santa Clara,268627,2100,262403,1931,837,216,855,223,742,156,2374,332,2292,347,1453,216,1327,212,2308,282,1199,259,2579,341,1701,255,2189,357,1384,257,2177,352,1780,275,6420,568,8475,631,33399,1261,41052,1374,71722,1684,43413,1141,19212,933,8223,608,5290,438,6224,566,Santa Clara,268627,2100,262403,1931,354,153,455,144,597,190,1402,228,2255,359,1824,295,1207,223,2218,229,1355,258,1555,245,2216,362,1931,287,1670,244,1897,381,1896,337,4793,480,7951,613,27494,1213,38912,1286,71370,1727,46768,1197,24504,1116,10453,736,7326,505,6224,566,Santa Clara,29.2,0.3,Santa Clara,475300.0,3718.0,Santa Clara,698600.0,3648.0,Santa Clara,1013600.0,10442.0,Santa Clara,2367.0,21.0,2943.0,19.0,638.0,10.0,Santa Clara,2185005900.0,18845499.0,1782619100.0,19297548.0,402386800.0,12510914.0,Santa Clara,5483.0,40.0,6154.0,43.0,3043.0,94.0,Santa Clara,1938.0,10.0,Santa Clara,96310.0,783.0,123331.0,965.0,66154.0,1123.0
6087,Santa Cruz,40174,816,38903,831,269,137,63,36,146,78,579,187,345,125,502,183,277,135,465,165,283,109,631,174,390,149,483,174,633,207,737,213,603,167,2063,351,2109,324,6447,633,6152,638,9486,651,3931,412,1517,273,559,184,233,109,1271,245,Santa Cruz,40174,816,38903,831,74,50,105,121,70,51,405,143,338,118,387,172,415,175,221,113,457,145,362,133,568,173,446,150,461,186,770,218,645,198,1441,315,1910,348,5560,624,6303,533,9607,698,5184,443,1815,294,980,236,379,153,1271,245,Santa Cruz,36.3,1.1,Santa Cruz,371200.0,9679.0,Santa Cruz,578800.0,9843.0,Santa Cruz,808200.0,12709.0,Santa Cruz,1936.0,50.0,2549.0,45.0,560.0,17.0,Santa Cruz,236951600.0,5614274.0,182497000.0,5576182.0,54454500.0,3592652.0,Santa Cruz,3909.0,94.0,4371.0,112.0,2740.0,129.0,Santa Cruz,1606.0,23.0,Santa Cruz,67256.0,1534.0,92425.0,2406.0,43501.0,2166.0
6089,Shasta,26044,812,24911,823,167,112,126,64,299,127,445,107,284,115,541,148,472,170,886,204,921,235,1479,232,1285,254,2470,383,1775,267,1593,278,1433,278,2678,314,2118,318,3125,408,1355,287,897,198,417,136,95,51,8,12,42,42,1133,213,Shasta,26044,812,24911,823,11,17,72,68,130,82,231,90,396,118,258,99,429,140,460,133,459,164,702,219,713,173,851,187,1339,275,1653,300,1308,282,2792,364,2500,337,4752,494,2622,347,2440,309,511,142,207,100,25,39,50,44,1133,213,Shasta,35.3,1.4,Shasta,142300.0,5973.0,Shasta,216600.0,3968.0,Shasta,320900.0,6772.0,Shasta,1026.0,30.0,1463.0,32.0,436.0,13.0,Shasta,81953200.0,2259593.0,56472100.0,2131189.0,25481100.0,1523779.0,Shasta,1688.0,40.0,1831.0,45.0,1372.0,70.0,Shasta,968.0,19.0,Shasta,44620.0,1209.0,56911.0,1605.0,29731.0,2026.0
6091,Sierra,271,100,230,92,0,12,0,12,0,12,26,40,0,12,7,12,33,45,0,12,0,12,37,46,25,24,0,12,5,7,15,18,0,12,10,14,25,28,35,40,0,12,0,12,0,12,12,19,0,12,0,12,41,42,Sierra,271,100,230,92,0,12,0,12,0,12,0,12,26,40,0,12,0,12,40,46,0,12,0,12,0,12,0,12,0,12,16,16,14,20,9,9,26,35,55,51,26,39,6,10,0,12,0,12,12,19,0,12,41,42,Sierra,34.2,3.5,Sierra,82800.0,31249.0,Sierra,170400.0,62379.0,Sierra,344600.0,61960.0,Sierra,685.0,281.0,1367.0,90.0,428.0,75.0,Sierra,1598000.0,330001.0,810100.0,280169.0,787900.0,224984.0,Sierra,1431.0,228.0,1728.0,298.0,1133.0,429.0,Sierra,773.0,217.0,Sierra,42833.0,8464.0,52375.0,10832.0,17552.0,13856.0
6093,Siskiyou,6934,386,6292,367,82,48,152,86,150,80,190,78,162,96,264,95,307,80,302,86,312,94,660,141,295,91,385,97,460,116,430,112,389,129,775,171,259,91,411,143,53,39,167,85,22,16,21,24,44,46,0,25,642,138,Siskiyou,6934,386,6292,367,2,3,67,58,62,41,140,86,127,59,178,71,180,97,165,65,188,53,268,79,299,119,334,115,421,106,391,132,282,91,670,124,750,186,1045,206,327,105,248,95,83,59,21,24,44,46,0,25,642,138,Siskiyou,35.8,2.9,Siskiyou,114500.0,5383.0,Siskiyou,174700.0,5330.0,Siskiyou,282000.0,9048.0,Siskiyou,757.0,57.0,1288.0,40.0,381.0,10.0,Siskiyou,20481800.0,1194902.0,11892500.0,1079215.0,8589400.0,670117.0,Siskiyou,1360.0,49.0,1528.0,103.0,1142.0,73.0,Siskiyou,784.0,35.0,Siskiyou,37170.0,1702.0,47303.0,2078.0,23207.0,1780.0
6095,Solano,57533,1155,55504,1109,175,98,287,144,333,125,493,158,401,150,389,127,495,188,585,207,319,120,754,204,481,147,760,222,666,197,1509,250,1475,299,4993,467,5483,528,12615,723,9457,763,10397,642,2631,316,523,153,164,82,119,63,2029,344,Solano,57533,1155,55504,1109,47,58,21,24,157,80,319,124,507,156,330,134,265,113,446,163,507,186,578,179,597,179,551,169,530,160,862,189,1180,243,3493,461,4856,497,10907,761,9161,625,13290,688,5276,523,1209,213,275,88,140,70,2029,344,Solano,33.6,0.8,Solano,185500.0,3171.0,Solano,279100.0,2749.0,Solano,393900.0,3343.0,Solano,1660.0,25.0,1961.0,24.0,453.0,11.0,Solano,240261200.0,4840869.0,200732600.0,4285862.0,39528500.0,2260388.0,Solano,2500.0,42.0,2709.0,49.0,1597.0,87.0,Solano,1466.0,15.0,Solano,66828.0,1238.0,85784.0,1568.0,43415.0,1404.0
6097,Sonoma,76192,1352,72770,1347,124,67,307,122,465,155,1170,240,544,150,502,143,566,191,809,169,507,164,1250,294,508,158,1025,205,816,229,1405,260,1094,199,5029,542,6150,612,16903,929,11909,778,15695,764,4301,540,951,221,419,136,321,147,3422,354,Sonoma,76192,1352,72770,1347,90,57,114,82,194,115,826,230,749,166,595,175,444,185,617,152,706,191,549,160,755,221,685,195,561,161,1202,273,1280,257,3121,374,5218,588,15153,868,12526,832,16657,924,7677,672,1836,285,833,216,382,153,3422,354,Sonoma,33.4,0.7,Sonoma,305200.0,3703.0,Sonoma,436400.0,4485.0,Sonoma,650700.0,6766.0,Sonoma,1708.0,27.0,2175.0,24.0,537.0,12.0,Sonoma,416514800.0,8737687.0,323434000.0,7758732.0,93080800.0,4482474.0,Sonoma,3358.0,45.0,3639.0,49.0,2350.0,83.0,Sonoma,1475.0,17.0,Sonoma,64240.0,1224.0,83291.0,1526.0,45536.0,1100.0
6099,Stanislaus,73242,1288,69469,1298,369,149,162,91,744,184,835,196,856,196,1040,223,745,192,1037,229,1045,236,2752,426,2587,345,4608,549,4291,536,5538,510,5456,555,10754,733,6415,623,12201,757,4654,539,2345,377,487,133,160,95,105,60,283,140,3773,407,Stanislaus,73242,1288,69469,1298,55,52,159,97,141,78,595,140,688,157,846,214,627,164,653,162,739,215,1352,273,1579,224,2071,288,2758,391,3041,458,3455,423,8390,618,8514,724,15716,813,9255,690,6610,626,1554,320,230,111,125,86,316,143,3773,407,Stanislaus,34.5,0.8,Stanislaus,127000.0,2272.0,Stanislaus,190800.0,2746.0,Stanislaus,288100.0,4497.0,Stanislaus,1267.0,18.0,1556.0,20.0,435.0,9.0,Stanislaus,200940300.0,4299510.0,158102100.0,3987190.0,42838200.0,2439105.0,Stanislaus,1765.0,25.0,1906.0,34.0,1312.0,50.0,Stanislaus,1103.0,11.0,Stanislaus,50125.0,718.0,66632.0,1136.0,32594.0,914.0
6101,Sutter,13053,587,12307,562,71,53,32,26,36,31,207,88,199,91,108,61,173,94,174,74,328,123,724,209,894,211,1067,180,1123,211,756,176,603,157,1313,221,1015,166,1992,267,928,217,467,141,57,40,10,16,22,27,8,13,746,162,Sutter,13053,587,12307,562,33,40,24,25,17,27,57,43,194,90,160,92,80,41,140,70,108,64,251,97,498,144,841,190,623,141,1006,216,685,193,1369,249,1157,216,2104,268,1519,239,1195,263,163,79,53,42,12,14,18,26,746,162,Sutter,32.9,1.3,Sutter,135000.0,4695.0,Sutter,198700.0,6739.0,Sutter,283100.0,6357.0,Sutter,1201.0,44.0,1504.0,49.0,432.0,17.0,Sutter,42448400.0,2089055.0,31519100.0,1954161.0,10929300.0,1105959.0,Sutter,1964.0,80.0,2142.0,105.0,1441.0,103.0,Sutter,1045.0,24.0,Sutter,52017.0,1350.0,69556.0,2797.0,32526.0,1962.0
6103,Tehama,7696,538,7064,530,51,55,17,25,114,73,261,115,196,107,164,67,145,80,492,177,344,143,478,159,783,247,597,191,591,197,640,172,333,136,714,178,347,131,410,144,213,118,132,78,13,20,12,20,0,28,17,25,632,191,Tehama,7696,538,7064,530,0,28,34,47,0,28,119,77,237,107,164,92,79,51,280,130,261,116,243,103,398,170,413,165,393,162,644,211,422,158,924,252,747,179,830,188,510,167,283,97,54,59,12,20,0,28,17,25,632,191,Tehama,32.3,1.4,Tehama,104700.0,5734.0,Tehama,171500.0,4750.0,Tehama,277800.0,9222.0,Tehama,893.0,54.0,1287.0,62.0,333.0,17.0,Tehama,24344700.0,1555002.0,17372100.0,1153471.0,6972700.0,1056193.0,Tehama,1307.0,55.0,1478.0,88.0,903.0,103.0,Tehama,831.0,29.0,Tehama,41001.0,2564.0,51882.0,3049.0,27928.0,2160.0
6105,Trinity,1706,255,1472,244,29,32,7,11,50,54,0,19,57,59,145,106,5,10,83,45,79,62,106,57,67,57,113,75,78,58,115,69,60,40,281,135,65,53,48,43,40,46,32,40,12,20,0,19,0,19,0,19,234,91,Trinity,1706,255,1472,244,29,32,0,19,3,4,7,11,90,77,14,21,103,94,27,40,25,29,42,29,139,81,66,50,64,61,87,53,55,50,208,84,112,62,255,133,76,52,58,58,10,19,2,4,0,19,0,19,234,91,Trinity,33.1,2.8,Trinity,160400.0,20357.0,Trinity,263100.0,16274.0,Trinity,375500.0,17406.0,Trinity,639.0,97.0,1445.0,130.0,358.0,33.0,Trinity,6104000.0,557014.0,3632400.0,507519.0,2471600.0,380675.0,Trinity,1421.0,86.0,1765.0,194.0,1199.0,111.0,Trinity,711.0,54.0,Trinity,34974.0,4081.0,47381.0,4915.0,22112.0,2675.0
6107,Tulare,57885,1133,54641,1098,252,86,362,127,428,132,1132,202,1059,229,1747,297,1798,293,2636,295,2498,345,4319,425,3782,412,4642,448,3835,368,3459,452,3619,430,6032,614,3961,433,5461,564,1666,342,1291,410,453,136,124,68,39,42,46,36,3244,343,Tulare,57885,1133,54641,1098,72,43,164,96,227,104,548,172,899,166,827,167,1122,237,1537,259,1612,256,2383,359,2419,334,2999,378,3439,377,3452,382,3522,352,6950,626,5259,557,8632,712,4583,505,2726,398,996,379,181,91,41,43,51,37,3244,343,Tulare,33.3,0.9,Tulare,108600.0,2047.0,Tulare,162700.0,2032.0,Tulare,248100.0,4320.0,Tulare,1081.0,21.0,1353.0,21.0,363.0,10.0,Tulare,127917900.0,3836600.0,98448400.0,3569734.0,29469400.0,1663182.0,Tulare,1386.0,24.0,1480.0,31.0,1074.0,49.0,Tulare,930.0,11.0,Tulare,42031.0,920.0,57082.0,1231.0,28258.0,922.0
6109,Tuolumne,7004,606,6455,589,139,126,45,46,87,75,204,102,17,22,135,114,112,80,133,74,162,106,397,139,127,62,393,177,631,200,495,176,568,195,760,221,758,229,836,217,286,114,121,77,22,27,27,40,0,28,0,28,549,170,Tuolumne,7004,606,6455,589,69,83,65,89,2,4,103,56,45,29,22,33,71,51,140,117,118,74,114,54,290,138,92,49,368,175,330,169,474,209,763,235,924,259,1254,289,580,173,505,135,77,72,22,27,27,40,0,28,549,170,Tuolumne,33.8,1.9,Tuolumne,163900.0,6106.0,Tuolumne,259300.0,9474.0,Tuolumne,374500.0,9952.0,Tuolumne,1044.0,49.0,1575.0,63.0,510.0,34.0,Tuolumne,30515800.0,1672223.0,19157500.0,1478841.0,11358300.0,1209534.0,Tuolumne,1827.0,77.0,1983.0,114.0,1532.0,181.0,Tuolumne,975.0,29.0,Tuolumne,50306.0,2202.0,59223.0,3157.0,32738.0,2129.0
6111,Ventura,96360,1519,93502,1505,311,139,278,125,590,165,958,218,895,197,771,185,527,140,625,149,515,121,1125,215,739,198,1084,244,1056,225,1224,238,1300,261,3660,364,4709,500,16392,995,15050,753,25721,1064,10864,661,2884,364,1719,329,505,139,2858,327,Ventura,96360,1519,93502,1505,94,57,120,101,381,116,831,204,961,201,801,224,583,161,573,173,464,126,697,173,780,191,810,180,1021,223,855,194,1228,237,3189,359,4173,439,13301,672,15547,738,25119,1038,13966,755,4820,534,2095,356,1093,222,2858,327,Ventura,34.2,0.6,Ventura,325300.0,2675.0,Ventura,458100.0,3239.0,Ventura,662300.0,4518.0,Ventura,2013.0,24.0,2387.0,18.0,522.0,12.0,Ventura,692857600.0,8807830.0,581698400.0,7955367.0,111159200.0,5174000.0,Ventura,3612.0,41.0,3915.0,48.0,2194.0,99.0,Ventura,1752.0,15.0,Ventura,77348.0,954.0,97319.0,1126.0,50459.0,974.0
6113,Yolo,34493,909,33325,930,157,87,69,52,287,115,336,113,303,121,466,157,435,177,562,196,360,164,781,279,517,147,1441,300,1478,302,1669,296,1230,228,2957,376,3228,413,6777,507,4697,525,3795,449,1229,205,302,141,82,44,167,68,1168,249,Yolo,34493,909,33325,930,66,65,90,59,53,39,348,143,271,95,274,125,450,174,518,188,251,96,584,212,526,193,940,235,901,219,1218,253,1359,283,2865,340,3245,421,6656,574,5122,497,5009,514,1699,275,578,162,135,63,167,68,1168,249,Yolo,35.4,1.2,Yolo,210200.0,5436.0,Yolo,325700.0,5858.0,Yolo,490100.0,9187.0,Yolo,1565.0,38.0,1975.0,33.0,481.0,17.0,Yolo,121654700.0,3465445.0,96200400.0,3143847.0,25454300.0,1940605.0,Yolo,2990.0,73.0,3320.0,87.0,1896.0,132.0,Yolo,1252.0,24.0,Yolo,54989.0,1553.0,88236.0,2486.0,33582.0,2068.0
6115,Yuba,10546,515,9807,455,163,80,153,97,83,57,157,103,133,74,145,65,116,82,337,137,263,120,562,151,665,205,791,188,592,171,659,196,879,238,679,199,523,154,1089,252,1022,211,607,186,144,87,2,4,43,40,0,28,739,207,Yuba,10546,515,9807,455,11,18,123,68,62,44,65,50,172,75,230,122,90,45,187,96,74,47,298,95,510,150,505,200,463,157,571,160,354,119,1405,296,685,152,1363,284,1040,179,1311,289,174,78,71,81,43,40,0,28,739,207,Yuba,34.4,1.8,Yuba,111900.0,5781.0,Yuba,172100.0,4671.0,Yuba,259300.0,12035.0,Yuba,1150.0,72.0,1501.0,61.0,382.0,26.0,Yuba,29749500.0,1910945.0,23684300.0,1569521.0,6065200.0,1270285.0,Yuba,1640.0,112.0,1939.0,149.0,1033.0,133.0,Yuba,997.0,43.0,Yuba,46892.0,1931.0,61023.0,3298.0,29572.0,2869.0
